,postcode,cases
0,2790,4
1,2785,1
2,2208,2
3,2283,15
4,2760,11
5,2505,1
6,2443,2
7,2194,4
8,2292,2
9,2539,6
10,2518,4
11,2128,1
12,2074,14
13,2795,9
14,2118,9
15,2196,6
16,2452,1
17,2586,2
18,2643,2
19,2508,2
20,2528,8
21,2571,1
22,2289,3
23,2024,17
24,2042,9
25,2880,2
26,2284,2
27,2300,5
28,2500,15
29,2111,12
30,2116,4
31,2251,18
32,2305,6
33,2156,3
34,2577,5
35,2125,14
36,2179,1
37,2032,7
38,2147,9
39,2206,6
40,2628,1
41,2297,2
42,2548,8
43,2566,4
44,2290,6
45,2650,10
46,2642,1
47,2335,1
48,2576,10
49,2420,2
50,2783,2
51,2010,30
52,2317,4
53,2769,4
54,2427,3
55,2221,2
56,2306,1
57,2262,9
58,2753,5
59,2484,1
60,2575,9
61,2358,1
62,2198,3
63,2045,1
64,2445,5
65,2756,12
66,2641,2
67,2130,3
68,2216,13
69,2213,6
70,2428,17
71,2320,10
72,2190,3
73,2229,15
74,2620,5
75,2340,12
76,2040,11
77,2380,1
78,2583,1
79,2439,4
80,2865,2
81,2265,1
82,2084,3
83,2081,2
84,2333,1
85,2200,13
86,2281,4
87,2172,1
88,2047,3
89,2582,6
90,2212,4
91,2036,12
92,2015,11
93,2318,5
94,2304,3
95,2148,32
96,2145,42
97,2447,1
98,2590,1
99,2091,1
100,2767,9
101,2430,16
102,2644,1
103,2782,2
104,2043,4
105,2680,3
106,2421,3
107,2166,3
108,2280,9
109,2048,2
110,2773,2
111,2027,7
112,2350,4
113,2033,9
114,2716,3
115,2088,42
116,2224,7
117,2079,1
118,2287,17
119,2800,10
120,2465,2
121,2230,24
122,2286,1
123,2226,2
124,2063,1
125,2770,11
126,2108,1
127,2621,4
128,2049,4
129,2095,20
130,2008,4
131,2012,1
132,2530,6
133,2480,5
134,2535,7
135,2152,5
136,2017,11
137,2558,5
138,2009,9
139,2067,2
140,2360,3
141,2106,5
142,2567,19
143,2285,4
144,2140,5
145,2104,2
146,2026,112
147,2160,4
148,2070,9
149,2000,17
150,2454,1
151,2448,2
152,2037,4
153,2097,13
154,2138,4
155,2810,1
156,2025,15
157,2205,9
158,2100,11
159,2581,2
160,2754,3
161,2034,9
162,2258,1
163,2134,5
164,2646,5
165,2299,4
166,2231,1
167,2062,8
168,2298,5
169,2127,5
170,2103,5
171,2069,6
172,2041,9
173,2422,1
174,2113,22
175,2316,9
176,2259,19
177,2357,1
178,2282,4
179,2425,1
180,2031,29
181,2745,13
182,2075,14
183,2557,5
184,2619,1
185,2219,7
186,2533,7
187,2211,6
188,2750,26
189,2016,7
190,2780,6
191,2536,6
192,2506,1
193,2176,18
194,2630,1
195,2192,5
196,2431,2
197,2479,4
198,2324,6
199,2423,1
200,2102,7
201,2777,6
202,2065,22
203,2483,6
204,2168,13
205,2779,3
206,2526,2
207,2371,2
208,2112,11
209,2233,13
210,2087,6
211,2093,12
212,2748,1
213,2768,3
214,2225,5
215,2749,10
216,2527,6
217,2076,11
218,2209,12
219,2161,7
220,2627,3
221,2337,1
222,2564,5
223,2541,9
224,2713,1
225,2758,4
226,2263,4
227,2164,4
228,2072,7
229,2321,6
230,2029,10
231,2824,1
232,2154,4
233,2197,4
234,2560,17
235,2046,13
236,2220,9
237,2044,8
238,2315,9
239,2210,21
240,2120,13
241,2540,10
242,2232,17
243,2030,17
244,2178,2
245,2446,2
246,2122,25
247,2250,36
248,2821,1
249,2569,1
250,2766,7
251,2752,1
252,2204,10
253,2334,2
254,2478,6
255,2114,12
256,2714,4
257,2319,1
258,2153,15
259,2110,10
260,2722,1
261,2372,1
262,2023,35
263,2158,3
264,2035,22
265,2090,17
266,2022,37
267,2470,2
268,2580,11
269,2092,8
270,1871,5
271,2018,11
272,2193,10
273,2257,9
274,2463,1
275,2096,14
276,2234,20
277,2080,1
278,2866,3
279,2171,12
280,2519,7
281,2830,3
282,2256,2
283,2747,50
284,2099,20
285,2765,6
286,2086,6
287,2568,1
288,2039,5
289,2786,1
290,2191,5
291,2085,4
292,2228,5
293,2132,3
294,2101,9
295,2578,1
296,2763,17
297,2550,1
298,2064,5
299,2094,5
300,2150,4
301,2021,23
302,2325,20
303,2117,6
304,2223,3
305,2477,4
306,2066,16
307,2126,6
308,2195,3
309,2303,6
310,2481,5
311,2073,6
312,2264,5
313,2278,3
314,2761,15
315,2450,13
316,2173,1
317,2159,3
318,2343,2
319,2061,3
320,2019,6
321,2121,4
322,2843,1
323,2570,16
324,2345,1
325,2322,6
326,2537,3
327,2135,11
328,2260,11
329,2647,1
330,2137,10
331,2476,2
332,2165,3
333,2068,15
334,2170,22
335,2799,3
336,2517,5
337,2050,6
338,2323,10
339,2028,3
340,2131,14
341,2849,2
342,2631,1
343,2007,9
344,2227,6
345,2757,1
346,2060,11
347,2151,5
348,2144,4
349,2119,9
350,2400,1
351,2516,1
352,2464,2
353,2038,4
354,2207,10
355,2640,6
356,2199,11
357,2107,6
358,2460,3
359,2115,4
360,2456,2
361,2071,4
362,2163,5
363,2774,4
364,2444,13
365,2217,10
366,2820,2
367,2011,28
368,2850,4
369,2759,10
370,2330,3
371,2525,3
372,2440,2
373,2162,5
374,2529,8
375,2203,4
376,2485,3
377,2482,1
378,2487,4
379,2155,23
380,2077,22
381,2020,12
382,2327,2
383,2515,6
384,2291,2
385,2490,1
386,2141,7
387,2218,12
388,2711,1
389,2142,5
390,2089,9
391,2660,1
392,2546,2
393,2700,1
394,2870,1
395,2565,3
396,2261,8
397,2486,5
