,area_id,score
0,102011028,54
1,102011029,76
2,102011030,40
3,102011031,48
4,102011032,31
5,102011033,53
6,102011034,67
7,102011035,60
8,102011042,72
9,102011036,62
10,102011037,75
11,102011038,77
12,102011039,66
13,102011040,65
14,102011041,58
15,102011043,47
16,102021044,71
17,102021045,38
18,102021046,69
19,102021047,65
20,102021048,73
21,102021049,53
22,102021050,68
23,102021051,36
24,102021052,46
25,102021053,59
26,102021054,61
27,102021055,20
28,115011557,19
29,102021056,18
30,102021057,39
31,115021298,61
32,115011290,72
33,115031299,66
34,115011291,42
35,115031300,56
36,115041301,39
37,115041302,19
38,115011294,79
39,115011296,67
40,115011553,6
41,115011554,62
42,115011555,12
43,116011560,31
44,115011556,13
45,115011558,20
46,115011559,13
47,115021297,46
48,116011303,1
49,116011304,56
50,116011306,46
51,116011307,62
52,116011308,36
53,116011561,35
54,116021309,64
55,116021310,49
56,116021312,13
57,116021562,29
58,116021563,10
59,116031313,38
60,116031314,56
61,116031315,69
62,116031316,31
63,116031317,23
64,116031318,10
65,116031319,32
66,117011320,42
67,117021327,87
68,117011321,64
69,117031337,7
70,117011322,60
71,118021564,25
72,117011323,73
73,117011324,100
74,117011325,0
75,117021326,76
76,118021565,56
77,117021328,68
78,117031329,94
79,117031330,82
80,118021568,53
81,117031331,95
82,118021569,82
83,117031332,0
84,117031333,100
85,117031334,100
86,117031335,95
87,117031336,99
88,117031338,92
89,118011339,94
90,118011340,96
91,119031370,67
92,118011341,58
93,118011342,100
94,118011343,92
95,118011344,93
96,119031371,81
97,119031372,82
98,118011345,88
99,118011346,65
100,118011347,91
101,118021348,94
102,118021350,44
103,118021566,63
104,118021567,49
105,118021570,1
106,119041378,0
107,119011354,65
108,120031394,91
109,119011355,6
110,119011571,24
111,119011356,38
112,121021579,42
113,119011357,57
114,121031407,61
115,121031408,58
116,121031409,50
117,121031410,59
118,121031411,75
119,121031412,68
120,121041413,94
121,121041414,94
122,121041415,84
123,121041416,98
124,119011358,63
125,122021422,69
126,122021423,49
127,119011359,59
128,119011360,71
129,119011361,64
130,119011572,0
131,119021574,69
132,119021362,83
133,119021363,66
134,119021364,83
135,119031368,75
136,119021366,48
137,119031369,78
138,119021367,80
139,119021573,14
140,119031373,50
141,119031374,85
142,124031461,64
143,124031462,13
144,124031463,23
145,119041375,56
146,119041376,88
147,119041377,59
148,119041379,89
149,119041380,79
150,119041381,80
151,119041382,72
152,120011383,79
153,120011384,16
154,120011385,91
155,120011386,87
156,120021387,77
157,120021388,85
158,120021389,84
159,120031390,83
160,120031391,62
161,124051470,57
162,120031392,64
163,125011475,100
164,120031393,83
165,125011585,20
166,120031395,78
167,120031396,51
168,125031479,39
169,125031480,57
170,125031481,55
171,120031575,23
172,125031482,67
173,125031483,44
174,120031576,22
175,125031484,70
176,121011398,54
177,126021497,33
178,126021498,68
179,126021499,78
180,126021500,38
181,126021501,48
182,126021503,76
183,121011399,84
184,121011400,63
185,121011401,10
186,121011402,71
187,121021403,43
188,121021404,44
189,121021406,70
190,121021577,2
191,127021520,59
192,127021521,22
193,121021578,16
194,121041417,74
195,122011418,70
196,122011419,66
197,122021420,78
198,122021421,68
199,122031424,87
200,122031425,82
201,122031426,92
202,122031427,68
203,122031428,62
204,122031429,67
205,122031430,76
206,122031431,88
207,122031432,43
208,123011433,29
209,123011434,28
210,123011435,39
211,123021436,48
212,123021437,3
213,123021438,46
214,123021439,5
215,123021440,19
216,123021441,51
217,123021442,36
218,123021443,40
219,123021444,44
220,123031445,40
221,123031446,33
222,123031447,44
223,123031448,50
224,124011449,63
225,124011450,59
226,124011451,97
227,124011452,42
228,124011453,54
229,124011454,57
230,124011455,71
231,124021456,5
232,124031457,69
233,124031458,24
234,124031459,48
235,124031460,62
236,124031464,8
237,124031465,33
238,124041466,24
239,124041467,13
240,124041468,45
241,124051469,34
242,124051580,17
243,124051581,4
244,125011473,20
245,125011582,4
246,125011583,37
247,125011584,31
248,125011586,14
249,125011587,13
250,125021476,63
251,125021477,58
252,125021478,67
253,125031485,48
254,125031486,13
255,125031487,27
256,125041489,63
257,125041490,53
258,125041491,5
259,125041492,32
260,125041493,80
261,125041494,72
262,125041588,21
263,125041589,9
264,126011495,65
265,126011496,56
266,126021590,38
267,126021591,27
268,127011504,43
269,127011505,51
270,127011506,9
271,127011592,36
272,127011593,13
273,127011594,16
274,127011595,17
275,127011596,10
276,127011597,12
277,127021509,58
278,127021510,68
279,127021511,7
280,128011602,6
281,127021512,51
282,127021513,52
283,127021514,54
284,127021515,8
285,128011603,47
286,128011604,14
287,128011605,35
288,128011606,21
289,128021533,76
290,128021534,72
291,128021535,53
292,128021536,67
293,128021537,32
294,128021538,59
295,128021607,10
296,127021516,54
297,127021517,9
298,127021518,53
299,127021519,61
300,127031522,37
301,127031523,38
302,127031524,41
303,127031598,0
304,127031599,31
305,127031600,8
306,127031601,13
307,128011529,85
308,128011530,73
309,128011531,91
310,128021608,24
311,128021609,14
